{"cameraMode":{"drawMode":0,"name":"Shaded","section":"Shading Mode"},"sceneLighting":false,"audioPlay":false,"sceneViewState":{"m_AlwaysRefresh":false,"showFog":true,"showSkybox":false,"showFlares":true,"showImageEffects":true,"showParticleSystems":true,"showVisualEffectGraphs":true,"m_FxEnabled":true},"in2DMode":false,"pivot":{"x":0.008450508117675782,"y":0.11740371584892273,"z":-0.0025167465209960939},"rotation":{"x":0.15179914236068726,"y":-0.7708303332328796,"z":0.19966785609722138,"w":0.5856937170028687},"size":0.16999606788158418,"orthographic":false}